{
    "count": 1391,
    "mean": 3.857309706343069,
    "std": 1.402776069992627,
    "min": 1.462754487991333,
    "max": 7.012924671173096,
    "q25": 2.9137799739837646,
    "q75": 4.86372184753418
}