{
    "count": 1377,
    "mean": 3.8274006439276858,
    "std": 1.377920009538928,
    "min": 1.462754726409912,
    "max": 7.012924671173096,
    "q25": 2.911661386489868,
    "q75": 4.594998836517334
}