{
    "count": 1391,
    "mean": 3.857309724254457,
    "std": 1.40277610376521,
    "min": 1.4627549648284912,
    "max": 7.01292610168457,
    "q25": 2.913780927658081,
    "q75": 4.863721609115601
}