{
    "count": 1363,
    "mean": 3.79631302396952,
    "std": 1.3501874186955816,
    "min": 1.462754726409912,
    "max": 7.012924671173096,
    "q25": 2.9077452421188354,
    "q75": 4.546562671661377
}