{
    "mae": 0.22978325188159943,
    "rmse": 0.2778361341981342,
    "mape": 2.2318584844470024,
    "last_evaluation": "Avaliacao_Teste"
}