{
    "mae": 0.22978389263153076,
    "rmse": 0.27783673756774946,
    "mape": 2.23186481744051,
    "last_evaluation": "Avaliacao_Teste"
}